drug_id,name_es,name_en,atc_code,since
amlodipine,Amlodipino,Amlodipine,C08CA01,1.0.0
apixaban,Apixabán,Apixaban,B01AF02,1.0.0
bisoprolol,Bisoprolol,Bisoprolol,C07AB07,1.0.0
enalapril,Enalapril,Enalapril,C09AA02,1.0.0
gliclazide,Gliclazida,Gliclazide,A10BB09,1.0.0
hydrochlorothiazide,Hidroclorotiazida,Hydrochlorothiazide,C03AA03,1.0.0
ibuprofen,Ibuprofeno,Ibuprofen,M01AE01,1.0.0
linagliptin,Linagliptina,Linagliptin,A10BH05,1.0.0
losartan,Losartán,Losartan,C09CA01,1.0.0
metformin,Metformina,Metformin,A10BA02,1.0.0
mirtazapine,Mirtazapina,Mirtazapine,N06AX11,1.0.0
omeprazole,Omeprazol,Omeprazole,A02BC01,1.0.0
paracetamol,Paracetamol,Paracetamol,N02BE01,1.0.0
propranolol,Propranolol,Propranolol,C07AA05,1.0.0
sertraline,Sertralina,Sertraline,N06AB06,1.0.0
tramadol,Tramadol,Tramadol,N02AX02,1.0.0
verapamil,Verapamilo,Verapamil,C08DA01,1.0.0
warfarin,Warfarina,Warfarin,B01AA03,1.0.0
