encounter_id,risk_factor_id,status
E001,AGE65,present
E001,ASTHMA,absent
E001,CKD,unknown
E001,EPI,absent
E001,LIVER,absent
E001,PREG,absent
E002,AGE65,absent
E002,ASTHMA,absent
E002,CKD,absent
E002,EPI,absent
E002,LIVER,absent
E002,PREG,unknown
E003,AGE65,absent
E003,ASTHMA,absent
E003,CKD,absent
E003,EPI,absent
E003,LIVER,absent
E003,PREG,absent
E004,AGE65,present
E004,ASTHMA,absent
E004,CKD,absent
E004,EPI,present
E004,LIVER,present
E004,PREG,absent
E005,AGE65,present
E005,ASTHMA,absent
E005,CKD,present
E005,EPI,present
E005,LIVER,present
E005,PREG,absent
