set_id,category_id,partition_of,since
analg,anilides,,1.1.0
analg,nsaids,,1.1.0
analg,opioids,,1.1.0
anticoag,direct_oral_anticoagulants,anticoagulants,1.1.0
anticoag,low_molecular_weight_heparins,anticoagulants,1.1.0
anticoag,vitamin_k_antagonists,anticoagulants,1.1.0
antidep,other_antidepressants,,1.1.0
antidep,ssris,,1.1.0
antidiab,biguanides,,1.1.0
antidiab,dpp4_inhibitors,,1.1.0
antidiab,sulfonylureas,,1.1.0
beta,cardioselective_beta_blockers,beta_blockers,1.1.0
beta,nonselective_beta_blockers,beta_blockers,1.1.0
ccb,dihydropyridines,calcium_channel_blockers,1.1.0
ccb,non_dihydropyridines,calcium_channel_blockers,1.1.0
raas,ace_inhibitors,raas_blockers,1.1.0
raas,arbs,raas_blockers,1.1.0
