object_id,category_id,since
amlodipine,dihydropyridines,1.1.0
apixaban,direct_oral_anticoagulants,1.1.0
bisoprolol,cardioselective_beta_blockers,1.1.0
enalapril,ace_inhibitors,1.1.0
gliclazide,sulfonylureas,1.1.0
hydrochlorothiazide,thiazides,1.1.0
ibuprofen,nsaids,1.1.0
linagliptin,dpp4_inhibitors,1.1.0
losartan,arbs,1.1.0
metformin,biguanides,1.1.0
mirtazapine,other_antidepressants,1.1.0
omeprazole,proton_pump_inhibitors,1.1.0
paracetamol,anilides,1.1.0
propranolol,nonselective_beta_blockers,1.1.0
sertraline,ssris,1.1.0
tramadol,opioids,1.1.0
tramadol,serotonergic_drugs,1.1.0
verapamil,non_dihydropyridines,1.1.0
warfarin,vitamin_k_antagonists,1.1.0
