category_id,parent_id,since
ace_inhibitors,raas_blockers,1.1.0
analgesics,drugs,1.1.0
anilides,analgesics,1.1.0
anticoagulants,drugs,1.1.0
antidepressants,drugs,1.1.0
antidiabetics,drugs,1.1.0
antihypertensives,drugs,1.1.0
arbs,raas_blockers,1.1.0
beta_blockers,antihypertensives,1.1.0
biguanides,antidiabetics,1.1.0
calcium_channel_blockers,antihypertensives,1.1.0
cardioselective_beta_blockers,beta_blockers,1.1.0
conditions,clinical_objects,1.1.0
dihydropyridines,calcium_channel_blockers,1.1.0
direct_oral_anticoagulants,anticoagulants,1.1.0
dpp4_inhibitors,antidiabetics,1.1.0
drugs,clinical_objects,1.1.0
low_molecular_weight_heparins,anticoagulants,1.1.0
non_dihydropyridines,calcium_channel_blockers,1.1.0
nonselective_beta_blockers,beta_blockers,1.1.0
nsaids,analgesics,1.1.0
opioids,analgesics,1.1.0
other_antidepressants,antidepressants,1.1.0
proton_pump_inhibitors,drugs,1.1.0
raas_blockers,antihypertensives,1.1.0
risk_factors,clinical_objects,1.1.0
serotonergic_opioids,opioids,1.1.0
ssris,antidepressants,1.1.0
sulfonylureas,antidiabetics,1.1.0
thiazides,antihypertensives,1.1.0
vitamin_k_antagonists,anticoagulants,1.1.0
